1,./data/mydataset/banana_aligned/r-chord/2Q== (1).png
1,./data/mydataset/banana_aligned/r-chord/images (35).png
1,./data/mydataset/banana_aligned/r-chord/images (85).png
1,./data/mydataset/banana_aligned/r-chord/images (59).png
1,./data/mydataset/banana_aligned/r-chord/images (67).png
1,./data/mydataset/banana_aligned/r-chord/images (54).png
1,./data/mydataset/banana_aligned/r-chord/images (52).png
1,./data/mydataset/banana_aligned/r-chord/images (17).png
1,./data/mydataset/banana_aligned/r-chord/images (29).png
1,./data/mydataset/banana_aligned/r-chord/images (12).png
1,./data/mydataset/banana_aligned/r-chord/images (8).png
1,./data/mydataset/banana_aligned/r-chord/images (40).png
1,./data/mydataset/banana_aligned/r-chord/Z (4).png
1,./data/mydataset/banana_aligned/r-chord/images (2).png
1,./data/mydataset/banana_aligned/r-chord/images (21).png
1,./data/mydataset/banana_aligned/r-chord/images (65).png
1,./data/mydataset/banana_aligned/r-chord/images (57).png
1,./data/mydataset/banana_aligned/r-chord/images (78).png
1,./data/mydataset/banana_aligned/r-chord/images (43).png
1,./data/mydataset/banana_aligned/r-chord/images (63).png
1,./data/mydataset/banana_aligned/r-chord/images (72).png
1,./data/mydataset/banana_aligned/r-chord/Z (7).png
1,./data/mydataset/banana_aligned/r-chord/images (60).png
1,./data/mydataset/banana_aligned/r-chord/Z (1).png
1,./data/mydataset/banana_aligned/r-chord/images (3).png
1,./data/mydataset/banana_aligned/r-chord/images (41).png
1,./data/mydataset/banana_aligned/r-chord/2Q==.png
1,./data/mydataset/banana_aligned/r-chord/Z (3).png
1,./data/mydataset/banana_aligned/r-chord/images (62).png
1,./data/mydataset/banana_aligned/r-chord/images (1).png
1,./data/mydataset/banana_aligned/r-chord/images (32).png
1,./data/mydataset/banana_aligned/r-chord/9k= (2).png
1,./data/mydataset/banana_aligned/r-chord/Z (5).png
1,./data/mydataset/banana_aligned/r-chord/images (23).png
1,./data/mydataset/banana_aligned/r-chord/9k= (1).png
1,./data/mydataset/banana_aligned/r-chord/images (88).png
1,./data/mydataset/banana_aligned/r-chord/images (94).png
1,./data/mydataset/banana_aligned/r-chord/2Q== (2).png
1,./data/mydataset/banana_aligned/r-chord/9k= (5).png
1,./data/mydataset/banana_aligned/r-chord/images (100).png
1,./data/mydataset/banana_aligned/r-chord/images (38).png
1,./data/mydataset/banana_aligned/r-chord/images (64).png
1,./data/mydataset/banana_aligned/r-chord/images (42).png
2,./data/mydataset/banana_aligned/eric_johnson /images (79).png
2,./data/mydataset/banana_aligned/eric_johnson /images (95).png
2,./data/mydataset/banana_aligned/eric_johnson /Z.png
2,./data/mydataset/banana_aligned/eric_johnson /images (44).png
2,./data/mydataset/banana_aligned/eric_johnson /images (31).png
2,./data/mydataset/banana_aligned/eric_johnson /images (96).png
2,./data/mydataset/banana_aligned/eric_johnson /images (64).png
2,./data/mydataset/banana_aligned/eric_johnson /images (33).png
2,./data/mydataset/banana_aligned/eric_johnson /images (45).png
2,./data/mydataset/banana_aligned/eric_johnson /2Q== (1).png
2,./data/mydataset/banana_aligned/eric_johnson /Z (4).png
2,./data/mydataset/banana_aligned/eric_johnson /images (91).png
2,./data/mydataset/banana_aligned/eric_johnson /Z (2).png
2,./data/mydataset/banana_aligned/eric_johnson /images (14).png
2,./data/mydataset/banana_aligned/eric_johnson /images (4).png
2,./data/mydataset/banana_aligned/eric_johnson /images (52).png
2,./data/mydataset/banana_aligned/eric_johnson /images (59).png
2,./data/mydataset/banana_aligned/eric_johnson /9k= (2).png
2,./data/mydataset/banana_aligned/eric_johnson /images (72).png
2,./data/mydataset/banana_aligned/eric_johnson /images (17).png
2,./data/mydataset/banana_aligned/eric_johnson /images.png
2,./data/mydataset/banana_aligned/eric_johnson /images (77).png
2,./data/mydataset/banana_aligned/eric_johnson /images (18).png
2,./data/mydataset/banana_aligned/eric_johnson /images (5).png
2,./data/mydataset/banana_aligned/eric_johnson /images (50).png
2,./data/mydataset/banana_aligned/eric_johnson /images (42).png
2,./data/mydataset/banana_aligned/eric_johnson /images (13).png
2,./data/mydataset/banana_aligned/eric_johnson /images (36).png
2,./data/mydataset/banana_aligned/eric_johnson /images (87).png
2,./data/mydataset/banana_aligned/eric_johnson /images (1).png
2,./data/mydataset/banana_aligned/eric_johnson /images (2).png
2,./data/mydataset/banana_aligned/eric_johnson /images (10).png
2,./data/mydataset/banana_aligned/eric_johnson /images (61).png
2,./data/mydataset/banana_aligned/eric_johnson /images (56).png
3,./data/mydataset/banana_aligned/eric_clapton/images (76).png
3,./data/mydataset/banana_aligned/eric_clapton/images93.png
3,./data/mydataset/banana_aligned/eric_clapton/images (44).png
3,./data/mydataset/banana_aligned/eric_clapton/images (92).png
3,./data/mydataset/banana_aligned/eric_clapton/Z (2).png
3,./data/mydataset/banana_aligned/eric_clapton/images (19).png
3,./data/mydataset/banana_aligned/eric_clapton/images (3).png
3,./data/mydataset/banana_aligned/eric_clapton/images (41).png
3,./data/mydataset/banana_aligned/eric_clapton/images (29).png
3,./data/mydataset/banana_aligned/eric_clapton/images(14).png
3,./data/mydataset/banana_aligned/eric_clapton/images (65).png
3,./data/mydataset/banana_aligned/eric_clapton/9k=.png
3,./data/mydataset/banana_aligned/eric_clapton/gdrfe.png
3,./data/mydataset/banana_aligned/eric_clapton/9k= (3).png
3,./data/mydataset/banana_aligned/eric_clapton/images (26).png
3,./data/mydataset/banana_aligned/eric_clapton/images (21).png
3,./data/mydataset/banana_aligned/eric_clapton/images (80).png
3,./data/mydataset/banana_aligned/eric_clapton/9k= (1).png
3,./data/mydataset/banana_aligned/eric_clapton/images(69).png
3,./data/mydataset/banana_aligned/eric_clapton/images (66).png
3,./data/mydataset/banana_aligned/eric_clapton/Z (1).png
3,./data/mydataset/banana_aligned/eric_clapton/images (57).png
3,./data/mydataset/banana_aligned/eric_clapton/tyhd.png
3,./data/mydataset/banana_aligned/eric_clapton/images (78).png
3,./data/mydataset/banana_aligned/eric_clapton/images (51).png
3,./data/mydataset/banana_aligned/eric_clapton/images (81).png
3,./data/mydataset/banana_aligned/eric_clapton/9k= (2).png
3,./data/mydataset/banana_aligned/eric_clapton/images (52).png
3,./data/mydataset/banana_aligned/eric_clapton/images (8).png
3,./data/mydataset/banana_aligned/eric_clapton/images (64).png
3,./data/mydataset/banana_aligned/eric_clapton/images (11).png
3,./data/mydataset/banana_aligned/eric_clapton/dgrfe.png
3,./data/mydataset/banana_aligned/eric_clapton/9k7.png
3,./data/mydataset/banana_aligned/eric_clapton/images (31).png
3,./data/mydataset/banana_aligned/eric_clapton/images (86).png
3,./data/mydataset/banana_aligned/eric_clapton/images (35).png
3,./data/mydataset/banana_aligned/eric_clapton/images (43).png
3,./data/mydataset/banana_aligned/eric_clapton/images (40).png
3,./data/mydataset/banana_aligned/eric_clapton/images (42).png
3,./data/mydataset/banana_aligned/eric_clapton/images (49).png
3,./data/mydataset/banana_aligned/eric_clapton/images (46).png
3,./data/mydataset/banana_aligned/eric_clapton/images (97).png
3,./data/mydataset/banana_aligned/eric_clapton/images (68).png
3,./data/mydataset/banana_aligned/eric_clapton/images25.png
3,./data/mydataset/banana_aligned/eric_clapton/images (47).png
3,./data/mydataset/banana_aligned/eric_clapton/images (60).png
3,./data/mydataset/banana_aligned/eric_clapton/images (28).png
3,./data/mydataset/banana_aligned/eric_clapton/2Q== (3).png
3,./data/mydataset/banana_aligned/eric_clapton/images (4).png
3,./data/mydataset/banana_aligned/eric_clapton/images12.png
3,./data/mydataset/banana_aligned/eric_clapton/images (88).png
3,./data/mydataset/banana_aligned/eric_clapton/images (20).png
3,./data/mydataset/banana_aligned/eric_clapton/images (7).png
3,./data/mydataset/banana_aligned/eric_clapton/Z.png
3,./data/mydataset/banana_aligned/eric_clapton/images (84).png
3,./data/mydataset/banana_aligned/eric_clapton/images (58).png
3,./data/mydataset/banana_aligned/eric_clapton/tgrf.png
3,./data/mydataset/banana_aligned/eric_clapton/images (6).png
3,./data/mydataset/banana_aligned/eric_clapton/images (16).png
3,./data/mydataset/banana_aligned/eric_clapton/images (34).png
3,./data/mydataset/banana_aligned/eric_clapton/images (24).png
3,./data/mydataset/banana_aligned/eric_clapton/images (99).png
3,./data/mydataset/banana_aligned/eric_clapton/95.png
3,./data/mydataset/banana_aligned/eric_clapton/images (53).png
3,./data/mydataset/banana_aligned/eric_clapton/images(67).png
3,./data/mydataset/banana_aligned/eric_clapton/images (38).png
3,./data/mydataset/banana_aligned/eric_clapton/images (48).png
3,./data/mydataset/banana_aligned/eric_clapton/images (50).png
3,./data/mydataset/banana_aligned/eric_clapton/images (37).png
3,./data/mydataset/banana_aligned/eric_clapton/images (55).png
3,./data/mydataset/banana_aligned/eric_clapton/images (61).png
4,./data/mydataset/banana_aligned/hannah/IMAG2378.png
4,./data/mydataset/banana_aligned/hannah/IMAG2347.png
4,./data/mydataset/banana_aligned/hannah/IMAG2356.png
4,./data/mydataset/banana_aligned/hannah/IMAG2351.png
4,./data/mydataset/banana_aligned/hannah/IMAG2373.png
4,./data/mydataset/banana_aligned/hannah/IMAG2344.png
4,./data/mydataset/banana_aligned/hannah/IMAG2371.png
4,./data/mydataset/banana_aligned/hannah/IMAG2362.png
4,./data/mydataset/banana_aligned/hannah/IMAG2376.png
4,./data/mydataset/banana_aligned/hannah/IMAG2361.png
4,./data/mydataset/banana_aligned/hannah/IMAG2360.png
4,./data/mydataset/banana_aligned/hannah/IMAG2365.png
4,./data/mydataset/banana_aligned/hannah/IMAG2375.png
4,./data/mydataset/banana_aligned/hannah/IMAG2343.png
4,./data/mydataset/banana_aligned/hannah/IMAG2368.png
4,./data/mydataset/banana_aligned/hannah/IMAG2340.png
4,./data/mydataset/banana_aligned/hannah/IMAG2328.png
4,./data/mydataset/banana_aligned/hannah/IMAG2330.png
4,./data/mydataset/banana_aligned/hannah/IMAG2366.png
4,./data/mydataset/banana_aligned/hannah/IMAG2345.png
4,./data/mydataset/banana_aligned/hannah/IMAG2327.png
4,./data/mydataset/banana_aligned/hannah/IMAG2358.png
4,./data/mydataset/banana_aligned/hannah/IMAG2348.png
4,./data/mydataset/banana_aligned/hannah/IMAG2353.png
4,./data/mydataset/banana_aligned/hannah/IMAG2346.png
4,./data/mydataset/banana_aligned/hannah/IMAG2341.png
4,./data/mydataset/banana_aligned/hannah/IMAG2332.png
4,./data/mydataset/banana_aligned/hannah/IMAG2367.png
4,./data/mydataset/banana_aligned/hannah/IMAG2337.png
4,./data/mydataset/banana_aligned/hannah/IMAG2369.png
4,./data/mydataset/banana_aligned/hannah/IMAG2370.png
4,./data/mydataset/banana_aligned/hannah/IMAG2349.png
4,./data/mydataset/banana_aligned/hannah/IMAG2372.png
4,./data/mydataset/banana_aligned/hannah/IMAG2333.png
4,./data/mydataset/banana_aligned/hannah/IMAG2364.png
4,./data/mydataset/banana_aligned/hannah/IMAG2354.png
4,./data/mydataset/banana_aligned/hannah/IMAG2331.png
4,./data/mydataset/banana_aligned/hannah/IMAG2359.png
4,./data/mydataset/banana_aligned/hannah/IMAG2350.png
4,./data/mydataset/banana_aligned/hannah/IMAG2374.png
5,./data/mydataset/banana_aligned/banana/2016-11-02-214820.png
5,./data/mydataset/banana_aligned/banana/2016-11-02-214823.png
5,./data/mydataset/banana_aligned/banana/2016-11-02-214807.png
5,./data/mydataset/banana_aligned/banana/2016-11-02-214748.png
5,./data/mydataset/banana_aligned/banana/2016-11-02-214754.png
5,./data/mydataset/banana_aligned/banana/2016-11-02-214827.png
5,./data/mydataset/banana_aligned/banana/2016-11-02-214821.png
5,./data/mydataset/banana_aligned/banana/2016-11-02-214819.png
5,./data/mydataset/banana_aligned/banana/2016-11-02-214830 (2).png
5,./data/mydataset/banana_aligned/banana/2016-11-02-214835 (2).png
5,./data/mydataset/banana_aligned/banana/2016-11-02-214808.png
5,./data/mydataset/banana_aligned/banana/2016-11-02-214825 (1).png
5,./data/mydataset/banana_aligned/banana/2016-11-02-214830.png
5,./data/mydataset/banana_aligned/banana/2016-11-02-214828 (1).png
5,./data/mydataset/banana_aligned/banana/2016-11-02-214835 (1).png
5,./data/mydataset/banana_aligned/banana/2016-11-02-214837 (1).png
5,./data/mydataset/banana_aligned/banana/2016-11-02-214837.png
5,./data/mydataset/banana_aligned/banana/2016-11-02-214813.png
5,./data/mydataset/banana_aligned/banana/2016-11-02-214830 (1).png
5,./data/mydataset/banana_aligned/banana/2016-11-02-214803.png
5,./data/mydataset/banana_aligned/banana/2016-11-02-214832.png
5,./data/mydataset/banana_aligned/banana/2016-11-02-214753.png
5,./data/mydataset/banana_aligned/banana/2016-11-02-214817.png
5,./data/mydataset/banana_aligned/banana/2016-11-02-214836 (2).png
5,./data/mydataset/banana_aligned/banana/2016-11-02-214833 (1).png
5,./data/mydataset/banana_aligned/banana/2016-11-02-214826 (2).png
5,./data/mydataset/banana_aligned/banana/2016-11-02-214755.png
5,./data/mydataset/banana_aligned/banana/2016-11-02-214823 (1).png
5,./data/mydataset/banana_aligned/banana/2016-11-02-214815.png
5,./data/mydataset/banana_aligned/banana/2016-11-02-214828 (2).png
5,./data/mydataset/banana_aligned/banana/2016-11-02-214834 (1).png
5,./data/mydataset/banana_aligned/banana/2016-11-02-214804.png
5,./data/mydataset/banana_aligned/banana/2016-11-02-214741.png
5,./data/mydataset/banana_aligned/banana/2016-11-02-214833.png
5,./data/mydataset/banana_aligned/banana/2016-11-02-214807 (1).png
5,./data/mydataset/banana_aligned/banana/2016-11-02-214828.png
5,./data/mydataset/banana_aligned/banana/2016-11-02-214822.png
5,./data/mydataset/banana_aligned/banana/2016-11-02-214825.png
5,./data/mydataset/banana_aligned/banana/2016-11-02-214831.png
5,./data/mydataset/banana_aligned/banana/2016-11-02-214757.png
5,./data/mydataset/banana_aligned/banana/2016-11-02-214829.png
5,./data/mydataset/banana_aligned/banana/2016-11-02-214835.png
5,./data/mydataset/banana_aligned/banana/2016-11-02-214836 (1).png
5,./data/mydataset/banana_aligned/banana/2016-11-02-214824.png
5,./data/mydataset/banana_aligned/banana/2016-11-02-214805.png
5,./data/mydataset/banana_aligned/banana/2016-11-02-214826.png
5,./data/mydataset/banana_aligned/banana/2016-11-02-214839.png
5,./data/mydataset/banana_aligned/banana/2016-11-02-214801.png
5,./data/mydataset/banana_aligned/banana/2016-11-02-214759.png
5,./data/mydataset/banana_aligned/banana/2016-11-02-214816.png
5,./data/mydataset/banana_aligned/banana/2016-11-02-214822 (1).png
5,./data/mydataset/banana_aligned/banana/2016-11-02-214806.png
5,./data/mydataset/banana_aligned/banana/2016-11-02-214818.png
5,./data/mydataset/banana_aligned/banana/2016-11-02-214745.png
5,./data/mydataset/banana_aligned/banana/2016-11-02-214826 (1).png
5,./data/mydataset/banana_aligned/banana/2016-11-02-214751.png
5,./data/mydataset/banana_aligned/banana/2016-11-02-214834.png
5,./data/mydataset/banana_aligned/banana/2016-11-02-214836.png
6,./data/mydataset/banana_aligned/taylor_swift/images (58).png
6,./data/mydataset/banana_aligned/taylor_swift/images (3).png
6,./data/mydataset/banana_aligned/taylor_swift/9k= (3).png
6,./data/mydataset/banana_aligned/taylor_swift/images (33).png
6,./data/mydataset/banana_aligned/taylor_swift/images (38).png
6,./data/mydataset/banana_aligned/taylor_swift/images (19).png
6,./data/mydataset/banana_aligned/taylor_swift/images (65).png
6,./data/mydataset/banana_aligned/taylor_swift/images (30).png
6,./data/mydataset/banana_aligned/taylor_swift/images (55).png
6,./data/mydataset/banana_aligned/taylor_swift/Z (3).png
6,./data/mydataset/banana_aligned/taylor_swift/images (7).png
6,./data/mydataset/banana_aligned/taylor_swift/2Q== (1).png
6,./data/mydataset/banana_aligned/taylor_swift/images (32).png
6,./data/mydataset/banana_aligned/taylor_swift/2Q==.png
6,./data/mydataset/banana_aligned/taylor_swift/9k= (4).png
6,./data/mydataset/banana_aligned/taylor_swift/images (12).png
6,./data/mydataset/banana_aligned/taylor_swift/Z (2).png
6,./data/mydataset/banana_aligned/taylor_swift/Z (8).png
6,./data/mydataset/banana_aligned/taylor_swift/images (16).png
6,./data/mydataset/banana_aligned/taylor_swift/images (25).png
6,./data/mydataset/banana_aligned/taylor_swift/images (35).png
6,./data/mydataset/banana_aligned/taylor_swift/images (42).png
6,./data/mydataset/banana_aligned/taylor_swift/images (10).png
6,./data/mydataset/banana_aligned/taylor_swift/images (56).png
6,./data/mydataset/banana_aligned/taylor_swift/Z.png
6,./data/mydataset/banana_aligned/taylor_swift/images (68).png
6,./data/mydataset/banana_aligned/taylor_swift/images (52).png
6,./data/mydataset/banana_aligned/taylor_swift/images (51).png
6,./data/mydataset/banana_aligned/taylor_swift/2Q== (2).png
6,./data/mydataset/banana_aligned/taylor_swift/images (45).png
6,./data/mydataset/banana_aligned/taylor_swift/images (1).png
6,./data/mydataset/banana_aligned/taylor_swift/2Q== (3).png
6,./data/mydataset/banana_aligned/taylor_swift/images (49).png
6,./data/mydataset/banana_aligned/taylor_swift/images (57).png
6,./data/mydataset/banana_aligned/taylor_swift/images (37).png
6,./data/mydataset/banana_aligned/taylor_swift/images (53).png
6,./data/mydataset/banana_aligned/taylor_swift/images (26).png
6,./data/mydataset/banana_aligned/taylor_swift/images (14).png
6,./data/mydataset/banana_aligned/taylor_swift/Z (5).png
6,./data/mydataset/banana_aligned/taylor_swift/Z (4).png
6,./data/mydataset/banana_aligned/taylor_swift/images (60).png
6,./data/mydataset/banana_aligned/taylor_swift/images (71).png
6,./data/mydataset/banana_aligned/taylor_swift/images (17).png
6,./data/mydataset/banana_aligned/taylor_swift/images (9).png
6,./data/mydataset/banana_aligned/taylor_swift/images (36).png
6,./data/mydataset/banana_aligned/taylor_swift/images (23).png
6,./data/mydataset/banana_aligned/taylor_swift/images (64).png
6,./data/mydataset/banana_aligned/taylor_swift/images (62).png
6,./data/mydataset/banana_aligned/taylor_swift/images (24).png
6,./data/mydataset/banana_aligned/taylor_swift/images (41).png
6,./data/mydataset/banana_aligned/taylor_swift/images (67).png
6,./data/mydataset/banana_aligned/taylor_swift/images (59).png
6,./data/mydataset/banana_aligned/taylor_swift/images (63).png
6,./data/mydataset/banana_aligned/taylor_swift/Z (6).png
6,./data/mydataset/banana_aligned/taylor_swift/9k=.png
6,./data/mydataset/banana_aligned/taylor_swift/images (43).png
6,./data/mydataset/banana_aligned/taylor_swift/9k= (1).png
6,./data/mydataset/banana_aligned/taylor_swift/images (70).png
6,./data/mydataset/banana_aligned/taylor_swift/images (66).png
6,./data/mydataset/banana_aligned/taylor_swift/images (54).png
6,./data/mydataset/banana_aligned/taylor_swift/images (61).png
6,./data/mydataset/banana_aligned/taylor_swift/9k= (2).png
6,./data/mydataset/banana_aligned/taylor_swift/images (2).png
6,./data/mydataset/banana_aligned/taylor_swift/images (69).png
6,./data/mydataset/banana_aligned/taylor_swift/images (13).png
6,./data/mydataset/banana_aligned/taylor_swift/images (5).png
6,./data/mydataset/banana_aligned/taylor_swift/images (21).png
6,./data/mydataset/banana_aligned/taylor_swift/Z (1).png
6,./data/mydataset/banana_aligned/taylor_swift/images.png
6,./data/mydataset/banana_aligned/taylor_swift/images (15).png
6,./data/mydataset/banana_aligned/taylor_swift/images (39).png
6,./data/mydataset/banana_aligned/taylor_swift/images (47).png
6,./data/mydataset/banana_aligned/taylor_swift/images (29).png
6,./data/mydataset/banana_aligned/taylor_swift/images (44).png
6,./data/mydataset/banana_aligned/taylor_swift/images (8).png
6,./data/mydataset/banana_aligned/taylor_swift/images (22).png
6,./data/mydataset/banana_aligned/taylor_swift/images (11).png
6,./data/mydataset/banana_aligned/taylor_swift/images (72).png
7,./data/mydataset/banana_aligned/min/IMAG2324.png
7,./data/mydataset/banana_aligned/min/IMAG2290.png
7,./data/mydataset/banana_aligned/min/IMAG2298.png
7,./data/mydataset/banana_aligned/min/IMAG2296.png
7,./data/mydataset/banana_aligned/min/IMAG2278.png
7,./data/mydataset/banana_aligned/min/IMAG2275.png
7,./data/mydataset/banana_aligned/min/IMAG2306.png
7,./data/mydataset/banana_aligned/min/IMAG2286.png
7,./data/mydataset/banana_aligned/min/IMAG2276.png
7,./data/mydataset/banana_aligned/min/IMAG2289.png
7,./data/mydataset/banana_aligned/min/IMAG2323.png
7,./data/mydataset/banana_aligned/min/IMAG2293.png
7,./data/mydataset/banana_aligned/min/IMAG2284.png
7,./data/mydataset/banana_aligned/min/IMAG2274.png
7,./data/mydataset/banana_aligned/min/IMAG2320.png
7,./data/mydataset/banana_aligned/min/IMAG2297.png
7,./data/mydataset/banana_aligned/min/IMAG2280.png
7,./data/mydataset/banana_aligned/min/IMAG2321.png
7,./data/mydataset/banana_aligned/min/IMAG2292.png
7,./data/mydataset/banana_aligned/min/IMAG2288.png
7,./data/mydataset/banana_aligned/min/IMAG2295.png
7,./data/mydataset/banana_aligned/min/IMAG2311.png
7,./data/mydataset/banana_aligned/min/IMAG2281.png
7,./data/mydataset/banana_aligned/min/IMAG2301.png
7,./data/mydataset/banana_aligned/min/IMAG2283.png
7,./data/mydataset/banana_aligned/min/IMAG2314.png
7,./data/mydataset/banana_aligned/min/IMAG2319.png
7,./data/mydataset/banana_aligned/min/IMAG2277.png
7,./data/mydataset/banana_aligned/min/IMAG2316.png
7,./data/mydataset/banana_aligned/min/IMAG2294.png
7,./data/mydataset/banana_aligned/min/IMAG2309.png
7,./data/mydataset/banana_aligned/min/IMAG2307.png
7,./data/mydataset/banana_aligned/min/IMAG2299.png
7,./data/mydataset/banana_aligned/min/IMAG2317.png
7,./data/mydataset/banana_aligned/min/IMAG2318.png
7,./data/mydataset/banana_aligned/min/IMAG2282.png
7,./data/mydataset/banana_aligned/min/IMAG2305.png
7,./data/mydataset/banana_aligned/min/IMAG2279.png
7,./data/mydataset/banana_aligned/min/IMAG2300.png
7,./data/mydataset/banana_aligned/min/IMAG2326.png
7,./data/mydataset/banana_aligned/min/IMAG2302.png
7,./data/mydataset/banana_aligned/min/IMAG2315.png
7,./data/mydataset/banana_aligned/min/IMAG2308.png
7,./data/mydataset/banana_aligned/min/IMAG2287.png
7,./data/mydataset/banana_aligned/min/IMAG2310.png
7,./data/mydataset/banana_aligned/min/IMAG2322.png
7,./data/mydataset/banana_aligned/min/IMAG2304.png
7,./data/mydataset/banana_aligned/min/IMAG2273.png
8,./data/mydataset/banana_aligned/jay_chou/images (16).png
8,./data/mydataset/banana_aligned/jay_chou/images (70).png
8,./data/mydataset/banana_aligned/jay_chou/9k=.png
8,./data/mydataset/banana_aligned/jay_chou/images (32).png
8,./data/mydataset/banana_aligned/jay_chou/2Q== (5).png
8,./data/mydataset/banana_aligned/jay_chou/2Q==.png
8,./data/mydataset/banana_aligned/jay_chou/images (17).png
8,./data/mydataset/banana_aligned/jay_chou/images (11).png
8,./data/mydataset/banana_aligned/jay_chou/images (59).png
8,./data/mydataset/banana_aligned/jay_chou/images (74).png
8,./data/mydataset/banana_aligned/jay_chou/images (98).png
8,./data/mydataset/banana_aligned/jay_chou/images (20).png
8,./data/mydataset/banana_aligned/jay_chou/images (97).png
8,./data/mydataset/banana_aligned/jay_chou/images (100).png
8,./data/mydataset/banana_aligned/jay_chou/images (62).png
8,./data/mydataset/banana_aligned/jay_chou/images (39).png
8,./data/mydataset/banana_aligned/jay_chou/images (46).png
8,./data/mydataset/banana_aligned/jay_chou/images (34).png
8,./data/mydataset/banana_aligned/jay_chou/images (1).png
8,./data/mydataset/banana_aligned/jay_chou/Z (4).png
8,./data/mydataset/banana_aligned/jay_chou/images (42).png
8,./data/mydataset/banana_aligned/jay_chou/images (38).png
8,./data/mydataset/banana_aligned/jay_chou/images (8).png
8,./data/mydataset/banana_aligned/jay_chou/images (31).png
8,./data/mydataset/banana_aligned/jay_chou/images (84).png
8,./data/mydataset/banana_aligned/jay_chou/images (86).png
8,./data/mydataset/banana_aligned/jay_chou/images (52).png
8,./data/mydataset/banana_aligned/jay_chou/images (57).png
8,./data/mydataset/banana_aligned/jay_chou/images (85).png
8,./data/mydataset/banana_aligned/jay_chou/images (7).png
8,./data/mydataset/banana_aligned/jay_chou/images (80).png
8,./data/mydataset/banana_aligned/jay_chou/2Q== (1).png
8,./data/mydataset/banana_aligned/jay_chou/images (82).png
8,./data/mydataset/banana_aligned/jay_chou/images (3).png
8,./data/mydataset/banana_aligned/jay_chou/images (26).png
8,./data/mydataset/banana_aligned/jay_chou/images (24).png
8,./data/mydataset/banana_aligned/jay_chou/images (33).png
8,./data/mydataset/banana_aligned/jay_chou/images (94).png
8,./data/mydataset/banana_aligned/jay_chou/images (53).png
8,./data/mydataset/banana_aligned/jay_chou/images (19).png
8,./data/mydataset/banana_aligned/jay_chou/Z (2).png
8,./data/mydataset/banana_aligned/jay_chou/9k= (2).png
8,./data/mydataset/banana_aligned/jay_chou/images (73).png
8,./data/mydataset/banana_aligned/jay_chou/images (72).png
8,./data/mydataset/banana_aligned/jay_chou/images (76).png
8,./data/mydataset/banana_aligned/jay_chou/images (54).png
8,./data/mydataset/banana_aligned/jay_chou/images (92).png
8,./data/mydataset/banana_aligned/jay_chou/images (27).png
8,./data/mydataset/banana_aligned/jay_chou/images (66).png
8,./data/mydataset/banana_aligned/jay_chou/images (77).png
8,./data/mydataset/banana_aligned/jay_chou/2Q== (6).png
8,./data/mydataset/banana_aligned/jay_chou/images (22).png
8,./data/mydataset/banana_aligned/jay_chou/images (41).png
8,./data/mydataset/banana_aligned/jay_chou/images.png
8,./data/mydataset/banana_aligned/jay_chou/images (6).png
8,./data/mydataset/banana_aligned/jay_chou/Z (1).png
8,./data/mydataset/banana_aligned/jay_chou/images (87).png
8,./data/mydataset/banana_aligned/jay_chou/images (75).png
8,./data/mydataset/banana_aligned/jay_chou/images (65).png
8,./data/mydataset/banana_aligned/jay_chou/images (30).png
8,./data/mydataset/banana_aligned/jay_chou/images (95).png
8,./data/mydataset/banana_aligned/jay_chou/images (12).png
8,./data/mydataset/banana_aligned/jay_chou/images (40).png
8,./data/mydataset/banana_aligned/jay_chou/images (5).png
8,./data/mydataset/banana_aligned/jay_chou/Z (3).png
8,./data/mydataset/banana_aligned/jay_chou/images (51).png
8,./data/mydataset/banana_aligned/jay_chou/images (49).png
8,./data/mydataset/banana_aligned/jay_chou/images (93).png
8,./data/mydataset/banana_aligned/jay_chou/images (90).png
8,./data/mydataset/banana_aligned/jay_chou/images (36).png
8,./data/mydataset/banana_aligned/jay_chou/2Q== (2).png
8,./data/mydataset/banana_aligned/jay_chou/9k= (3).png
8,./data/mydataset/banana_aligned/jay_chou/images (10).png
8,./data/mydataset/banana_aligned/jay_chou/images (56).png
8,./data/mydataset/banana_aligned/jay_chou/images (37).png
8,./data/mydataset/banana_aligned/jay_chou/images (99).png
8,./data/mydataset/banana_aligned/jay_chou/images (21).png
8,./data/mydataset/banana_aligned/jay_chou/images (15).png
8,./data/mydataset/banana_aligned/jay_chou/images (63).png
8,./data/mydataset/banana_aligned/jay_chou/images (71).png
8,./data/mydataset/banana_aligned/jay_chou/images (60).png
8,./data/mydataset/banana_aligned/jay_chou/images (4).png
8,./data/mydataset/banana_aligned/jay_chou/2Q== (4).png
8,./data/mydataset/banana_aligned/jay_chou/images (43).png
9,./data/mydataset/banana_aligned/johnny_depp/9k=.png
9,./data/mydataset/banana_aligned/johnny_depp/2Q== (2).png
9,./data/mydataset/banana_aligned/johnny_depp/Z.png
9,./data/mydataset/banana_aligned/johnny_depp/9k= (1).png
9,./data/mydataset/banana_aligned/johnny_depp/2Q== (1).png
9,./data/mydataset/banana_aligned/johnny_depp/2Q==.png
9,./data/mydataset/banana_aligned/johnny_depp/2Q== (3).png
10,./data/mydataset/banana_aligned/hebe/images (48).png
10,./data/mydataset/banana_aligned/hebe/images (86).png
10,./data/mydataset/banana_aligned/hebe/2Q== (3).png
10,./data/mydataset/banana_aligned/hebe/images (39).png
10,./data/mydataset/banana_aligned/hebe/images (57).png
10,./data/mydataset/banana_aligned/hebe/images (7).png
10,./data/mydataset/banana_aligned/hebe/images (31).png
10,./data/mydataset/banana_aligned/hebe/images (43).png
10,./data/mydataset/banana_aligned/hebe/images (63).png
10,./data/mydataset/banana_aligned/hebe/images (89).png
10,./data/mydataset/banana_aligned/hebe/images (100).png
10,./data/mydataset/banana_aligned/hebe/images (88).png
10,./data/mydataset/banana_aligned/hebe/2Q== (2).png
10,./data/mydataset/banana_aligned/hebe/images (52).png
10,./data/mydataset/banana_aligned/hebe/images (69).png
10,./data/mydataset/banana_aligned/hebe/images (19).png
10,./data/mydataset/banana_aligned/hebe/Z (1).png
10,./data/mydataset/banana_aligned/hebe/images (40).png
10,./data/mydataset/banana_aligned/hebe/images (25).png
10,./data/mydataset/banana_aligned/hebe/Z (8).png
10,./data/mydataset/banana_aligned/hebe/9k=.png
10,./data/mydataset/banana_aligned/hebe/images (44).png
10,./data/mydataset/banana_aligned/hebe/images (92).png
10,./data/mydataset/banana_aligned/hebe/Z (2).png
10,./data/mydataset/banana_aligned/hebe/images (62).png
10,./data/mydataset/banana_aligned/hebe/Z (6).png
10,./data/mydataset/banana_aligned/hebe/Z.png
10,./data/mydataset/banana_aligned/hebe/images (59).png
10,./data/mydataset/banana_aligned/hebe/images (93).png
10,./data/mydataset/banana_aligned/hebe/images (83).png
10,./data/mydataset/banana_aligned/hebe/images (74).png
10,./data/mydataset/banana_aligned/hebe/images (95).png
10,./data/mydataset/banana_aligned/hebe/images (61).png
10,./data/mydataset/banana_aligned/hebe/images (65).png
10,./data/mydataset/banana_aligned/hebe/images (77).png
10,./data/mydataset/banana_aligned/hebe/images (23).png
10,./data/mydataset/banana_aligned/hebe/images (5).png
10,./data/mydataset/banana_aligned/hebe/images (45).png
10,./data/mydataset/banana_aligned/hebe/images (81).png
10,./data/mydataset/banana_aligned/hebe/images (28).png
10,./data/mydataset/banana_aligned/hebe/2Q==.png
10,./data/mydataset/banana_aligned/hebe/images (11).png
10,./data/mydataset/banana_aligned/hebe/images (35).png
10,./data/mydataset/banana_aligned/hebe/images (51).png
10,./data/mydataset/banana_aligned/hebe/images (22).png
10,./data/mydataset/banana_aligned/hebe/Z (4).png
10,./data/mydataset/banana_aligned/hebe/9k= (2).png
10,./data/mydataset/banana_aligned/hebe/images (38).png
10,./data/mydataset/banana_aligned/hebe/images (98).png
10,./data/mydataset/banana_aligned/hebe/images (66).png
10,./data/mydataset/banana_aligned/hebe/images (70).png
10,./data/mydataset/banana_aligned/hebe/images (9).png
10,./data/mydataset/banana_aligned/hebe/images (13).png
10,./data/mydataset/banana_aligned/hebe/2Q== (1).png
10,./data/mydataset/banana_aligned/hebe/images (96).png
10,./data/mydataset/banana_aligned/hebe/images (34).png
10,./data/mydataset/banana_aligned/hebe/images (94).png
10,./data/mydataset/banana_aligned/hebe/images (56).png
10,./data/mydataset/banana_aligned/hebe/images (26).png
10,./data/mydataset/banana_aligned/hebe/images (55).png
10,./data/mydataset/banana_aligned/hebe/images (16).png
10,./data/mydataset/banana_aligned/hebe/Z (3).png
10,./data/mydataset/banana_aligned/hebe/images (67).png
10,./data/mydataset/banana_aligned/hebe/images (64).png
10,./data/mydataset/banana_aligned/hebe/images (2).png
10,./data/mydataset/banana_aligned/hebe/images (73).png
10,./data/mydataset/banana_aligned/hebe/images (99).png
10,./data/mydataset/banana_aligned/hebe/images (80).png
10,./data/mydataset/banana_aligned/hebe/images (6).png
10,./data/mydataset/banana_aligned/hebe/images (49).png
10,./data/mydataset/banana_aligned/hebe/images (30).png
10,./data/mydataset/banana_aligned/hebe/images (3).png
10,./data/mydataset/banana_aligned/hebe/images (46).png
10,./data/mydataset/banana_aligned/hebe/images (90).png
10,./data/mydataset/banana_aligned/hebe/images (82).png
10,./data/mydataset/banana_aligned/hebe/images (58).png
10,./data/mydataset/banana_aligned/hebe/images (32).png
10,./data/mydataset/banana_aligned/hebe/9k= (3).png
10,./data/mydataset/banana_aligned/hebe/images (20).png
10,./data/mydataset/banana_aligned/hebe/9k= (1).png
10,./data/mydataset/banana_aligned/hebe/images (21).png
10,./data/mydataset/banana_aligned/hebe/images (1).png
10,./data/mydataset/banana_aligned/hebe/images (29).png
11,./data/mydataset/banana_aligned/paul_mccartney /images (22).png
11,./data/mydataset/banana_aligned/paul_mccartney /images (37).png
11,./data/mydataset/banana_aligned/paul_mccartney /images (12).png
11,./data/mydataset/banana_aligned/paul_mccartney /9k=.png
11,./data/mydataset/banana_aligned/paul_mccartney /images (78).png
11,./data/mydataset/banana_aligned/paul_mccartney /images (11).png
11,./data/mydataset/banana_aligned/paul_mccartney /images (96).png
11,./data/mydataset/banana_aligned/paul_mccartney /images (53).png
11,./data/mydataset/banana_aligned/paul_mccartney /images (93).png
11,./data/mydataset/banana_aligned/paul_mccartney /images (26).png
11,./data/mydataset/banana_aligned/paul_mccartney /2Q== (4).png
11,./data/mydataset/banana_aligned/paul_mccartney /images (56).png
11,./data/mydataset/banana_aligned/paul_mccartney /images (47).png
11,./data/mydataset/banana_aligned/paul_mccartney /images (52).png
11,./data/mydataset/banana_aligned/paul_mccartney /images (36).png
11,./data/mydataset/banana_aligned/paul_mccartney /images (29).png
11,./data/mydataset/banana_aligned/paul_mccartney /Z (1).png
11,./data/mydataset/banana_aligned/paul_mccartney /images (100).png
11,./data/mydataset/banana_aligned/paul_mccartney /images (6).png
11,./data/mydataset/banana_aligned/paul_mccartney /images (38).png
11,./data/mydataset/banana_aligned/paul_mccartney /9k= (2).png
11,./data/mydataset/banana_aligned/paul_mccartney /images (67).png
11,./data/mydataset/banana_aligned/paul_mccartney /images (13).png
11,./data/mydataset/banana_aligned/paul_mccartney /images (30).png
11,./data/mydataset/banana_aligned/paul_mccartney /images (40).png
11,./data/mydataset/banana_aligned/paul_mccartney /2Q== (3).png
11,./data/mydataset/banana_aligned/paul_mccartney /images (85).png
11,./data/mydataset/banana_aligned/paul_mccartney /images (3).png
11,./data/mydataset/banana_aligned/paul_mccartney /images (1).png
11,./data/mydataset/banana_aligned/paul_mccartney /images (55).png
11,./data/mydataset/banana_aligned/paul_mccartney /images (68).png
11,./data/mydataset/banana_aligned/paul_mccartney /2Q== (2).png
11,./data/mydataset/banana_aligned/paul_mccartney /images (20).png
11,./data/mydataset/banana_aligned/paul_mccartney /images (25).png
11,./data/mydataset/banana_aligned/paul_mccartney /images (62).png
11,./data/mydataset/banana_aligned/paul_mccartney /images (49).png
11,./data/mydataset/banana_aligned/paul_mccartney /images (28).png
11,./data/mydataset/banana_aligned/paul_mccartney /Z (2).png
11,./data/mydataset/banana_aligned/paul_mccartney /images (15).png
11,./data/mydataset/banana_aligned/paul_mccartney /images (23).png
11,./data/mydataset/banana_aligned/paul_mccartney /images (91).png
11,./data/mydataset/banana_aligned/paul_mccartney /images (60).png
11,./data/mydataset/banana_aligned/paul_mccartney /images (98).png
11,./data/mydataset/banana_aligned/paul_mccartney /9k= (3).png
11,./data/mydataset/banana_aligned/paul_mccartney /images (89).png
11,./data/mydataset/banana_aligned/paul_mccartney /images (33).png
11,./data/mydataset/banana_aligned/paul_mccartney /images (45).png
11,./data/mydataset/banana_aligned/paul_mccartney /images (59).png
11,./data/mydataset/banana_aligned/paul_mccartney /images (81).png
11,./data/mydataset/banana_aligned/paul_mccartney /images (70).png
11,./data/mydataset/banana_aligned/paul_mccartney /images (8).png
11,./data/mydataset/banana_aligned/paul_mccartney /images (57).png
11,./data/mydataset/banana_aligned/paul_mccartney /images (14).png
11,./data/mydataset/banana_aligned/paul_mccartney /images (90).png
11,./data/mydataset/banana_aligned/paul_mccartney /images (41).png
11,./data/mydataset/banana_aligned/paul_mccartney /images (27).png
11,./data/mydataset/banana_aligned/paul_mccartney /images (84).png
11,./data/mydataset/banana_aligned/paul_mccartney /Z.png
11,./data/mydataset/banana_aligned/paul_mccartney /9k= (1).png
11,./data/mydataset/banana_aligned/paul_mccartney /images (64).png
11,./data/mydataset/banana_aligned/paul_mccartney /images (88).png
11,./data/mydataset/banana_aligned/paul_mccartney /images.png
11,./data/mydataset/banana_aligned/paul_mccartney /images (34).png
11,./data/mydataset/banana_aligned/paul_mccartney /images (66).png
11,./data/mydataset/banana_aligned/paul_mccartney /2Q== (1).png
11,./data/mydataset/banana_aligned/paul_mccartney /images (4).png
11,./data/mydataset/banana_aligned/paul_mccartney /Z (3).png
11,./data/mydataset/banana_aligned/paul_mccartney /images (16).png
11,./data/mydataset/banana_aligned/paul_mccartney /2Q== (5).png
11,./data/mydataset/banana_aligned/paul_mccartney /images (63).png
11,./data/mydataset/banana_aligned/paul_mccartney /2Q==.png
11,./data/mydataset/banana_aligned/paul_mccartney /images (76).png
11,./data/mydataset/banana_aligned/paul_mccartney /images (83).png
11,./data/mydataset/banana_aligned/paul_mccartney /images (87).png
11,./data/mydataset/banana_aligned/paul_mccartney /images (94).png
11,./data/mydataset/banana_aligned/paul_mccartney /images (51).png
11,./data/mydataset/banana_aligned/paul_mccartney /images (39).png
11,./data/mydataset/banana_aligned/paul_mccartney /images (86).png
11,./data/mydataset/banana_aligned/paul_mccartney /images (58).png
11,./data/mydataset/banana_aligned/paul_mccartney /images (10).png
11,./data/mydataset/banana_aligned/paul_mccartney /images (92).png
11,./data/mydataset/banana_aligned/paul_mccartney /images (73).png
